<?xml version="1.0" encoding="UTF-8"?><?xml-stylesheet type='text/xsl' href='_UpgradeReport_Files/UpgradeReport.xslt'?><UpgradeLog>
<Properties><Property Name="Solution" Value="ChatServer">
</Property><Property Name="Solution File" Value="C:\LANDWATERSUN\DROPBOX\landwatersun.education\Системы и сети связи (4405)\Материалы по курсовому проекту\ChatServer\ChatServer.sln">
</Property><Property Name="User Options File" Value="C:\LANDWATERSUN\DROPBOX\landwatersun.education\Системы и сети связи (4405)\Материалы по курсовому проекту\ChatServer\ChatServer.suo">
</Property><Property Name="Date" Value="16 апреля 2014 г.">
</Property><Property Name="Time" Value="22:41">
</Property></Properties><Event ErrorLevel="0" Project="" Source="ChatServer.sln" Description="File successfully backed up as C:\LANDWATERSUN\DROPBOX\landwatersun.education\Системы и сети связи (4405)\Материалы по курсовому проекту\ChatServer\Backup\ChatServer.sln">
</Event><Event ErrorLevel="0" Project="" Source="ChatServer.suo" Description="File successfully backed up as C:\LANDWATERSUN\DROPBOX\landwatersun.education\Системы и сети связи (4405)\Материалы по курсовому проекту\ChatServer\Backup\ChatServer.suo">
</Event><Event ErrorLevel="0" Project="ChatServer" Source="ChatServer\ChatServer.csproj" Description="Project file successfully backed up as C:\LANDWATERSUN\DROPBOX\landwatersun.education\Системы и сети связи (4405)\Материалы по курсовому проекту\ChatServer\Backup\ChatServer\ChatServer.csproj">
</Event><Event ErrorLevel="0" Project="ChatServer" Source="ChatServer\ChatServer.cs" Description="File successfully backed up as C:\LANDWATERSUN\DROPBOX\landwatersun.education\Системы и сети связи (4405)\Материалы по курсовому проекту\ChatServer\Backup\ChatServer\ChatServer.cs">
</Event><Event ErrorLevel="0" Project="ChatServer" Source="ChatServer\Form1.cs" Description="File successfully backed up as C:\LANDWATERSUN\DROPBOX\landwatersun.education\Системы и сети связи (4405)\Материалы по курсовому проекту\ChatServer\Backup\ChatServer\Form1.cs">
</Event><Event ErrorLevel="0" Project="ChatServer" Source="ChatServer\Form1.Designer.cs" Description="File successfully backed up as C:\LANDWATERSUN\DROPBOX\landwatersun.education\Системы и сети связи (4405)\Материалы по курсовому проекту\ChatServer\Backup\ChatServer\Form1.Designer.cs">
</Event><Event ErrorLevel="0" Project="ChatServer" Source="ChatServer\Program.cs" Description="File successfully backed up as C:\LANDWATERSUN\DROPBOX\landwatersun.education\Системы и сети связи (4405)\Материалы по курсовому проекту\ChatServer\Backup\ChatServer\Program.cs">
</Event><Event ErrorLevel="0" Project="ChatServer" Source="ChatServer\Properties\AssemblyInfo.cs" Description="File successfully backed up as C:\LANDWATERSUN\DROPBOX\landwatersun.education\Системы и сети связи (4405)\Материалы по курсовому проекту\ChatServer\Backup\ChatServer\Properties\AssemblyInfo.cs">
</Event><Event ErrorLevel="0" Project="ChatServer" Source="ChatServer\Properties\Resources.Designer.cs" Description="File successfully backed up as C:\LANDWATERSUN\DROPBOX\landwatersun.education\Системы и сети связи (4405)\Материалы по курсовому проекту\ChatServer\Backup\ChatServer\Properties\Resources.Designer.cs">
</Event><Event ErrorLevel="0" Project="ChatServer" Source="ChatServer\Properties\Settings.Designer.cs" Description="File successfully backed up as C:\LANDWATERSUN\DROPBOX\landwatersun.education\Системы и сети связи (4405)\Материалы по курсовому проекту\ChatServer\Backup\ChatServer\Properties\Settings.Designer.cs">
</Event><Event ErrorLevel="0" Project="ChatServer" Source="ChatServer\Properties\Settings.settings" Description="File successfully backed up as C:\LANDWATERSUN\DROPBOX\landwatersun.education\Системы и сети связи (4405)\Материалы по курсовому проекту\ChatServer\Backup\ChatServer\Properties\Settings.settings">
</Event><Event ErrorLevel="0" Project="ChatServer" Source="ChatServer\Form1.resx" Description="File successfully backed up as C:\LANDWATERSUN\DROPBOX\landwatersun.education\Системы и сети связи (4405)\Материалы по курсовому проекту\ChatServer\Backup\ChatServer\Form1.resx">
</Event><Event ErrorLevel="0" Project="ChatServer" Source="ChatServer\Properties\Resources.resx" Description="File successfully backed up as C:\LANDWATERSUN\DROPBOX\landwatersun.education\Системы и сети связи (4405)\Материалы по курсовому проекту\ChatServer\Backup\ChatServer\Properties\Resources.resx">
</Event><Event ErrorLevel="0" Project="ChatServer" Source="ChatServer\ChatServer.csproj" Description="Project converted successfully">
</Event><Event ErrorLevel="3" Project="ChatServer" Source="ChatServer\ChatServer.csproj" Description="Converted">
</Event><Event ErrorLevel="0" Project="" Source="ChatServer.sln" Description="Solution converted successfully">
</Event><Event ErrorLevel="3" Project="" Source="ChatServer.sln" Description="Converted">
</Event><Event ErrorLevel="0" Project="ChatServer" Source="ChatServer\ChatServer.csproj" Description="Scan complete: Upgrade not required for project files.">
</Event></UpgradeLog>